{
  "$comment": "Automatically generated by scripts/boost/generate-ports.ps1",
  "name": "boost-parameter-python",
  "version": "1.84.0",
  "port-version": 1,
  "description": "Boost parameter_python module",
  "homepage": "https://github.com/boostorg/parameter_python",
  "license": "BSL-1.0",
  "supports": "!emscripten",
  "dependencies": [
    {
      "name": "boost-cmake",
      "version>=": "1.84.0"
    },
    {
      "name": "boost-config",
      "version>=": "1.84.0"
    },
    {
      "name": "boost-headers",
      "version>=": "1.84.0"
    },
    {
      "name": "boost-mpl",
      "version>=": "1.84.0"
    },
    {
      "name": "boost-parameter",
      "version>=": "1.84.0"
    },
    {
      "name": "boost-preprocessor",
      "version>=": "1.84.0"
    },
    {
      "name": "boost-python",
      "version>=": "1.84.0"
    }
  ]
}
