{
  "$comment": "Automatically generated by scripts/boost/generate-ports.ps1",
  "name": "boost-log",
  "version": "1.84.0",
  "port-version": 1,
  "description": "Boost log module",
  "homepage": "https://github.com/boostorg/log",
  "license": "BSL-1.0",
  "supports": "!uwp & !emscripten",
  "dependencies": [
    {
      "name": "boost-align",
      "version>=": "1.84.0"
    },
    {
      "name": "boost-asio",
      "version>=": "1.84.0"
    },
    {
      "name": "boost-assert",
      "version>=": "1.84.0"
    },
    {
      "name": "boost-atomic",
      "version>=": "1.84.0"
    },
    {
      "name": "boost-cmake",
      "version>=": "1.84.0"
    },
    {
      "name": "boost-config",
      "version>=": "1.84.0"
    },
    {
      "name": "boost-core",
      "version>=": "1.84.0"
    },
    {
      "name": "boost-date-time",
      "version>=": "1.84.0"
    },
    {
      "name": "boost-exception",
      "version>=": "1.84.0"
    },
    {
      "name": "boost-filesystem",
      "platform": "!uwp",
      "version>=": "1.84.0"
    },
    {
      "name": "boost-function-types",
      "version>=": "1.84.0"
    },
    {
      "name": "boost-fusion",
      "version>=": "1.84.0"
    },
    {
      "name": "boost-headers",
      "version>=": "1.84.0"
    },
    {
      "name": "boost-interprocess",
      "version>=": "1.84.0"
    },
    {
      "name": "boost-intrusive",
      "version>=": "1.84.0"
    },
    {
      "name": "boost-io",
      "version>=": "1.84.0"
    },
    {
      "name": "boost-iterator",
      "version>=": "1.84.0"
    },
    {
      "name": "boost-move",
      "version>=": "1.84.0"
    },
    {
      "name": "boost-mpl",
      "version>=": "1.84.0"
    },
    {
      "name": "boost-optional",
      "version>=": "1.84.0"
    },
    {
      "name": "boost-parameter",
      "version>=": "1.84.0"
    },
    {
      "name": "boost-phoenix",
      "version>=": "1.84.0"
    },
    {
      "name": "boost-predef",
      "version>=": "1.84.0"
    },
    {
      "name": "boost-preprocessor",
      "version>=": "1.84.0"
    },
    {
      "name": "boost-property-tree",
      "version>=": "1.84.0"
    },
    {
      "name": "boost-proto",
      "version>=": "1.84.0"
    },
    {
      "name": "boost-random",
      "platform": "!uwp",
      "version>=": "1.84.0"
    },
    {
      "name": "boost-range",
      "version>=": "1.84.0"
    },
    {
      "name": "boost-regex",
      "version>=": "1.84.0"
    },
    {
      "name": "boost-smart-ptr",
      "version>=": "1.84.0"
    },
    {
      "name": "boost-spirit",
      "version>=": "1.84.0"
    },
    {
      "name": "boost-system",
      "version>=": "1.84.0"
    },
    {
      "name": "boost-thread",
      "version>=": "1.84.0"
    },
    {
      "name": "boost-throw-exception",
      "version>=": "1.84.0"
    },
    {
      "name": "boost-type-index",
      "version>=": "1.84.0"
    },
    {
      "name": "boost-type-traits",
      "version>=": "1.84.0"
    },
    {
      "name": "boost-utility",
      "version>=": "1.84.0"
    },
    {
      "name": "boost-winapi",
      "version>=": "1.84.0"
    },
    {
      "name": "boost-xpressive",
      "version>=": "1.84.0"
    }
  ]
}
