{
  "$comment": "Automatically generated by scripts/boost/generate-ports.ps1",
  "name": "boost-gil",
  "version": "1.84.0",
  "port-version": 1,
  "description": "Boost gil module",
  "homepage": "https://github.com/boostorg/gil",
  "license": "BSL-1.0",
  "dependencies": [
    {
      "name": "boost-assert",
      "version>=": "1.84.0"
    },
    {
      "name": "boost-cmake",
      "version>=": "1.84.0"
    },
    {
      "name": "boost-concept-check",
      "version>=": "1.84.0"
    },
    {
      "name": "boost-config",
      "version>=": "1.84.0"
    },
    {
      "name": "boost-container-hash",
      "version>=": "1.84.0"
    },
    {
      "name": "boost-core",
      "version>=": "1.84.0"
    },
    {
      "name": "boost-headers",
      "version>=": "1.84.0"
    },
    {
      "name": "boost-integer",
      "version>=": "1.84.0"
    },
    {
      "name": "boost-iterator",
      "version>=": "1.84.0"
    },
    {
      "name": "boost-mp11",
      "version>=": "1.84.0"
    },
    {
      "name": "boost-preprocessor",
      "version>=": "1.84.0"
    },
    {
      "name": "boost-type-traits",
      "version>=": "1.84.0"
    },
    {
      "name": "boost-variant2",
      "version>=": "1.84.0"
    }
  ]
}
