{
  "$comment": "Automatically generated by scripts/boost/generate-ports.ps1",
  "name": "boost-timer",
  "version": "1.84.0",
  "port-version": 1,
  "description": "Boost timer module",
  "homepage": "https://github.com/boostorg/timer",
  "license": "BSL-1.0",
  "dependencies": [
    {
      "name": "boost-cmake",
      "version>=": "1.84.0"
    },
    {
      "name": "boost-config",
      "version>=": "1.84.0"
    },
    {
      "name": "boost-headers",
      "version>=": "1.84.0"
    },
    {
      "name": "boost-io",
      "version>=": "1.84.0"
    },
    {
      "name": "boost-predef",
      "version>=": "1.84.0"
    }
  ]
}
